title,authors,citations,local_pdf,paper_link,bib_source,bib_link,venue,authors_original
Fair clustering through fairlets,Flavio Chierichetti and Ravi Kumar and Silvio Lattanzi and Sergei Vassilvitskii,684,related-pdfs/Fair_clustering_through_fairlets.pdf,http://arxiv.org/abs/1802.05733v1,DBLP,https://dblp.org/rec/conf/nips/Chierichetti0LV17,CoRR,"F Chierichetti, R Kumar, S Lattanzi… - Advances in neural …, 2017 - proceedings.neurips.cc"
Fair algorithms for clustering,Suman Kalyan Bera and Deeparnab Chakrabarty and Nicolas Flores and Maryam Negahbani,378,related-pdfs/Fair_algorithms_for_clustering.pdf,http://arxiv.org/abs/1901.02393v2,DBLP,https://dblp.org/rec/conf/nips/BeraCFN19,AAMAS,"S Bera, D Chakrabarty, N Flores… - Advances in Neural …, 2019 - proceedings.neurips.cc"
Scalable fair clustering,Arturs Backurs and Piotr Indyk and Krzysztof Onak and Baruch Schieber and Ali Vakilian and Tal Wagner,301,related-pdfs/Scalable_fair_clustering.pdf,http://arxiv.org/abs/1902.03519v2,DBLP,https://dblp.org/rec/conf/icml/BackursIOSVW19,ICML,"A Backurs, P Indyk, K Onak… - International …, 2019 - proceedings.mlr.press"
Guarantees for spectral clustering with fairness constraints,Matthäus Kleindessner and Samira Samadi and Pranjal Awasthi and Jamie Morgenstern,247,related-pdfs/Guarantees_for_spectral_clustering_with_fairness_constraints.pdf,http://arxiv.org/abs/1901.08668v2,DBLP,https://dblp.org/rec/conf/icml/KleindessnerSAM19,ICML,"M Kleindessner, S Samadi, P Awasthi… - International …, 2019 - proceedings.mlr.press"
Fair k-center clustering for data summarization,Haris Angelidakis and Adam Kurpisz and Leon Sering and Rico Zenklusen,236,related-pdfs/Fair_k-center_clustering_for_data_summarization.pdf,http://arxiv.org/abs/1901.08628v2,DBLP,https://dblp.org/rec/conf/icml/AngelidakisKSZ22,ICML,"M Kleindessner, P Awasthi… - … on Machine Learning, 2019 - proceedings.mlr.press"
Proportionally fair clustering,Evi Micha and Nisarg Shah,234,related-pdfs/Proportionally_fair_clustering.pdf,http://arxiv.org/abs/1905.03674v3,DBLP,https://dblp.org/rec/conf/icalp/Micha020,ICML,"X Chen, B Fain, L Lyu… - … conference on machine …, 2019 - proceedings.mlr.press"
Algorithmic fairness datasets: the story so far,"Alessandro Fabris, Stefano Messina, Gianmaria Silvello, Gian Antonio Susto",169,,https://link.springer.com/article/10.1007/s10618-022-00854-z,UNKNOWN,https://dblp.org/rec/journals/datamine/FabrisMSS22,Data Min. Knowl. Discov.,"A Fabris, S Messina, G Silvello, GA Susto - Data Mining and Knowledge …, 2022 - Springer"
Socially fair k-means clustering,Mehrdad Ghadiri and Samira Samadi and Santosh S. Vempala,178,related-pdfs/Socially_fair_k-means_clustering.pdf,http://arxiv.org/abs/2006.10085v2,DBLP,https://dblp.org/rec/conf/fat/GhadiriSV21,FAccT,"M Ghadiri, S Samadi, S Vempala - … of the 2021 ACM Conference on …, 2021 - dl.acm.org"
On the cost of essentially fair clusterings,Ioana Oriana Bercea and Martin Großand Samir Khuller and Aounon Kumar and Clemens Rösner and Daniel R. Schmidt and Melanie Schmidt,149,related-pdfs/On_the_cost_of_essentially_fair_clusterings.pdf,http://arxiv.org/abs/1811.10319v1,DBLP,https://dblp.org/rec/conf/approx/Bercea0KKRS019,APPROX-RANDOM,"IO Bercea, M Groß, S Khuller, A Kumar… - arXiv preprint arXiv …, 2018 - arxiv.org"
Coresets for clustering with fairness constraints,Lingxiao Huang and Shaofeng H.-C. Jiang and Nisheeth K. Vishnoi,144,related-pdfs/Coresets_for_clustering_with_fairness_constraints.pdf,http://arxiv.org/abs/1906.08484v4,DBLP,https://dblp.org/rec/conf/nips/HuangJV19,NeurIPS,"L Huang, S Jiang, N Vishnoi - Advances in neural …, 2019 - proceedings.neurips.cc"
Fair Coresets and Streaming Algorithms for Fair k-means,Melanie Schmidt and Chris Schwiegelshohn and Christian Sohler,138,related-pdfs/Fair_Coresets_and_Streaming_Algorithms_for_Fair_k-means.pdf,http://arxiv.org/abs/1812.10854v4,DBLP,https://dblp.org/rec/conf/waoa/0001SS19,WAOA,"M Schmidt, C Schwiegelshohn, C Sohler - International Workshop on …, 2019 - Springer"
Fair clustering via equitable group representations,Mohsen Abbasi and Aditya Bhaskara and Suresh Venkatasubramanian,138,related-pdfs/Fair_clustering_via_equitable_group_representations.pdf,http://arxiv.org/abs/2006.11009v2,DBLP,https://dblp.org/rec/conf/fat/AbbasiBV21,FAccT,"M Abbasi, A Bhaskara… - Proceedings of the 2021 …, 2021 - dl.acm.org"
An overview of fairness in clustering,"Anshuman Chhabra, Karina Masalkovaite, Prasant Mohapatra",138,,https://ieeexplore.ieee.org/abstract/document/9541160/,UNKNOWN,https://dblp.org/rec/journals/access/ChhabraMM21,IEEE Access,"A Chhabra, K Masalkovaitė, P Mohapatra - IEEE Access, 2021 - ieeexplore.ieee.org"
Individual fairness for k-clustering,Sepideh Mahabadi and Ali Vakilian,114,related-pdfs/Individual_fairness_for_k-clustering.pdf,https://doi.org/10.1007/978-981-99-7184-8_2,DBLP,https://dblp.org/rec/conf/icml/MahabadiV20,ICML,"S Mahabadi, A Vakilian - International conference on …, 2020 - proceedings.mlr.press"
Deep fair clustering for visual learning,"Peizhao Li, Han Zhao, Hongfu Liu",105,,http://openaccess.thecvf.com/content_CVPR_2020/html/Li_Deep_Fair_Clustering_for_Visual_Learning_CVPR_2020_paper.html,UNKNOWN,https://dblp.org/rec/conf/cvpr/LiZL20,CVPR,"P Li, H Zhao, H Liu - … of the IEEE/CVF Conference on …, 2020 - openaccess.thecvf.com"
Fair hierarchical clustering,Sara Ahmadian and Alessandro Epasto and Marina Knittel and Ravi Kumar and Mohammad Mahdian and Benjamin Moseley and Philip Pham and Sergei Vassilvitskii and Yuyan Wang,77,related-pdfs/Fair_hierarchical_clustering.pdf,http://arxiv.org/abs/2006.10221v2,DBLP,https://dblp.org/rec/conf/nips/AhmadianEK0MMPV20,NeurIPS,"S Ahmadian, A Epasto, M Knittel… - Advances in …, 2020 - proceedings.neurips.cc"
Approximation algorithms for socially fair clustering,Yury Makarychev and Ali Vakilian,74,related-pdfs/Approximation_algorithms_for_socially_fair_clustering.pdf,http://arxiv.org/abs/2103.02512v2,DBLP,https://dblp.org/rec/conf/colt/MakarychevV21,COLT,"Y Makarychev, A Vakilian - Conference on Learning Theory, 2021 - proceedings.mlr.press"
Fair colorful k-center clustering,Xinrui Jia and Kshiteej Sheth and Ola Svensson,75,related-pdfs/Fair_Colorful_k-Center_Clustering.pdf,http://arxiv.org/abs/2007.04059v1,DBLP,https://dblp.org/rec/conf/ipco/JiaSS20,Math. Program.,"X Jia, K Sheth, O Svensson - Mathematical Programming, 2022 - Springer"
Fair coresets and streaming algorithms for fair k-means clustering,"Melanie Schmidt, Chris Schwiegelshohn, Christian Sohler",68,,https://arxiv.org/abs/1812.10854,UNKNOWN,https://dblp.org/rec/journals/corr/abs-1812-10854,CoRR,"M Schmidt, C Schwiegelshohn, C Sohler - arXiv preprint arXiv:1812.10854, 2018 - arxiv.org"
Fairness in clustering with multiple sensitive attributes,Savitha Sam Abraham and Deepak P and Sowmya S. Sundaram,68,related-pdfs/Fairness_in_clustering_with_multiple_sensitive_attributes.pdf,http://arxiv.org/abs/1910.05113v2,DBLP,https://dblp.org/rec/conf/edbt/Abraham0S20,EDBT,"SS Abraham, SS Sundaram - arXiv preprint arXiv:1910.05113, 2019 - arxiv.org"
Proportionally fair clustering revisited,Evi Micha and Nisarg Shah,69,related-pdfs/Proportionally_fair_clustering_revisited.pdf,https://doi.org/10.1017/9781108772662.011,DBLP,https://dblp.org/rec/conf/icalp/Micha020,ICALP,"E Micha, N Shah - 47th International Colloquium on Automata …, 2020 - drops.dagstuhl.de"
Better Algorithms for Individually Fair -Clustering,"Maryam Negahbani, Deeparnab Chakrabarty",66,,https://proceedings.neurips.cc/paper/2021/hash/6f221fcb5c504fe96789df252123770b-Abstract.html,UNKNOWN,https://dblp.org/rec/conf/nips/NegahbaniC21,NeurIPS,"M Negahbani, D Chakrabarty - Advances in Neural …, 2021 - proceedings.neurips.cc"
Improved approximation algorithms for individually fair clustering,Ali Vakilian and Mustafa Yal\cciner ,68,related-pdfs/Improved_approximation_algorithms_for_individually_fair_clustering.pdf,http://arxiv.org/abs/2106.14043v2,DBLP,https://dblp.org/rec/conf/aistats/VakilianY22,AISTATS,"A Vakilian, M Yalciner - International conference on artificial …, 2022 - proceedings.mlr.press"
A center in your neighborhood: Fairness in facility location,"Christopher Jung, Sampath Kannan, Neil Lutz",57,,https://arxiv.org/abs/1908.09041,UNKNOWN,https://dblp.org/rec/journals/corr/abs-1908-09041,CoRR,"C Jung, S Kannan, N Lutz - arXiv preprint arXiv:1908.09041, 2019 - arxiv.org"
Probabilistic fair clustering,Seyed A. Esmaeili and Brian Brubach and Leonidas Tsepenekas and John Dickerson,54,related-pdfs/Probabilistic_fair_clustering.pdf,http://arxiv.org/abs/2006.10916v3,DBLP,https://dblp.org/rec/conf/nips/EsmaeiliBT020,NeurIPS,"S Esmaeili, B Brubach… - Advances in Neural …, 2020 - proceedings.neurips.cc"
Variational fair clustering,Imtiaz Masud Ziko and Jing Yuan and Eric Granger and Ismail Ben Ayed,55,related-pdfs/Variational_fair_clustering.pdf,http://arxiv.org/abs/1906.08207v5,DBLP,https://dblp.org/rec/conf/aaai/ZikoYGA21,AAAI,"IM Ziko, J Yuan, E Granger, IB Ayed - Proceedings of the AAAI …, 2021 - ojs.aaai.org"
A pairwise fair and community-preserving approach to k-center clustering,Brian Brubach and Darshan Chakrabarti and John P. Dickerson and Samir Khuller and Aravind Srinivasan and Leonidas Tsepenekas,53,related-pdfs/A_pairwise_fair_and_community-preserving_approach_to_k-center_clustering.pdf,https://doi.org/10.1109/cbase60015.2023.10439130,DBLP,https://dblp.org/rec/conf/icml/BrubachCDKST20,ICML,"B Brubach, D Chakrabarti, J Dickerson… - International …, 2020 - proceedings.mlr.press"
Hierarchical clustering-based personalized federated learning for robust and fair human activity recognition,"Youpeng Li, Xuyu Wang, Lingling An",57,,https://dl.acm.org/doi/abs/10.1145/3580795,UNKNOWN,https://dblp.org/rec/journals/imwut/LiWA23,Proc. ACM Interact. Mob. Wearable Ubiquitous Technol.,"Y Li, X Wang, L An - Proceedings of the ACM on Interactive, Mobile …, 2023 - dl.acm.org"
Fair clustering under a bounded cost,Seyed A. Esmaeili and Brian Brubach and Aravind Srinivasan and John Dickerson,48,related-pdfs/Fair_clustering_under_a_bounded_cost.pdf,http://arxiv.org/abs/2106.07239v2,DBLP,https://dblp.org/rec/conf/nips/EsmaeiliBSD21,NeurIPS,"S Esmaeili, B Brubach, A Srinivasan… - Advances in Neural …, 2021 - proceedings.neurips.cc"
Service in your neighborhood: Fairness in center location,Christopher Jung and Sampath Kannan and Neil Lutz,47,related-pdfs/Service_in_your_neighborhood_Fairness_in_center_location.pdf,https://doi.org/10.1177/0145482x7506900712,DBLP,https://dblp.org/rec/conf/forc/JungKL20,FORC,"C Jung, S Kannan, N Lutz - Foundations of Responsible Computing …, 2020 - par.nsf.gov"
Approximating fair clustering with cascaded norm objectives,Eden Chlamtác and Yury Makarychev and Ali Vakilian,40,related-pdfs/Approximating_fair_clustering_with_cascaded_norm_objectives.pdf,http://arxiv.org/abs/2111.04804v1,DBLP,https://dblp.org/rec/conf/soda/ChlamtacMV22,SODA,"E Chlamtáč, Y Makarychev, A Vakilian - Proceedings of the 2022 annual ACM …, 2022 - SIAM"
KFC: A Scalable Approximation Algorithm for −center Fair Clustering,"Elfarouk Harb, Ho Shan Lam",37,,https://proceedings.neurips.cc/paper/2020/hash/a6d259bfbfa2062843ef543e21d7ec8e-Abstract.html,UNKNOWN,https://dblp.org/rec/conf/nips/HarbL20,NeurIPS,"E Harb, HS Lam - Advances in neural information …, 2020 - proceedings.neurips.cc"
Diversity-Aware k-median: Clustering with Fair Center Representation,Suhas Thejaswi and Bruno Ordozgoiti and Aristides Gionis,39,related-pdfs/Diversity-Aware_k-median_Clustering_with_Fair_Center_Representation.pdf,https://doi.org/10.1007/978-3-030-86520-7_47,DBLP,https://dblp.org/rec/conf/pkdd/ThejaswiOG21,ECML/PKDD,"S Thejaswi, B Ordozgoiti, A Gionis - Joint European Conference on …, 2021 - Springer"
Fair algorithms for hierarchical agglomerative clustering,Anshuman Chhabra and Prasant Mohapatra,38,related-pdfs/Fair_algorithms_for_hierarchical_agglomerative_clustering.pdf,http://arxiv.org/abs/2005.03197v4,DBLP,https://dblp.org/rec/conf/icmla/ChhabraM22,ICMLA,"A Chhabra, P Mohapatra - 2022 21st IEEE International …, 2022 - ieeexplore.ieee.org"
A New Notion of Individually Fair Clustering: -Equitable -Center,"Darshan Chakrabarti, John P. Dickerson, Seyed A. Esmaeili, Aravind Srinivasan, Leonidas Tsepenekas",39,,https://proceedings.mlr.press/v151/chakrabarti22a.html,UNKNOWN,https://dblp.org/rec/conf/aistats/ChakrabartiDEST22,AISTATS,"D Chakrabarti, JP Dickerson… - International …, 2022 - proceedings.mlr.press"
Robust fair clustering: A novel fairness attack and defense framework,Anshuman Chhabra and Peizhao Li and Prasant Mohapatra and Hongfu Liu,36,related-pdfs/Robust_fair_clustering_A_novel_fairness_attack_and_defense_framework.pdf,http://arxiv.org/abs/2210.01953v3,DBLP,https://dblp.org/rec/conf/iclr/ChhabraLML23,ICLR,"A Chhabra, P Li, P Mohapatra, H Liu - arXiv preprint arXiv:2210.01953, 2022 - arxiv.org"
"Fairness, semi-supervised learning, and more: A general framework for clustering with stochastic pairwise constraints","Brian Brubach, Darshan Chakrabarti, John P. Dickerson, Aravind Srinivasan, Leonidas Tsepenekas",35,https://doi.org/10.1609/aaai.v35i8.16842,DBLP,https://dblp.org/rec/conf/aaai/BrubachCDST21,https://dblp.org/rec/conf/aaai/BrubachCDST21,AAAI,"B Brubach, D Chakrabarti, JP Dickerson… - Proceedings of the …, 2021 - ojs.aaai.org"
A notion of individual fairness for clustering,Matthäus Kleindessner and Pranjal Awasthi and Jamie Morgenstern,34,related-pdfs/A_notion_of_individual_fairness_for_clustering.pdf,http://arxiv.org/abs/2006.04960v1,DBLP,https://dblp.org/rec/journals/corr/abs-2006-04960,CoRR,"M Kleindessner, P Awasthi, J Morgenstern - arXiv preprint arXiv …, 2020 - arxiv.org"
Scalable spectral clustering with group fairness constraints,Ji Wang and Ding Lu and Ian Davidson and Zhaojun Bai,35,related-pdfs/Scalable_spectral_clustering_with_group_fairness_constraints.pdf,http://arxiv.org/abs/2210.16435v3,DBLP,https://dblp.org/rec/conf/aistats/WangLDB23,AISTATS,"J Wang, D Lu, I Davidson, Z Bai - … conference on artificial …, 2023 - proceedings.mlr.press"
Enhanced cluster computing performance through proportional fairness,"Thomas Bonald, James W. Roberts",29,,https://www.sciencedirect.com/science/article/pii/S0166531614000728,UNKNOWN,https://dblp.org/rec/journals/pe/BonaldR14,Perform. Evaluation,"T Bonald, J Roberts - Performance Evaluation, 2014 - Elsevier"
Fair clustering with multiple colors,Matteo Böhm and Adriano Fazzone and Stefano Leonardi and Chris Schwiegelshohn,29,related-pdfs/Fair_clustering_with_multiple_colors.pdf,http://arxiv.org/abs/2002.07892v2,DBLP,https://dblp.org/rec/journals/corr/abs-2002-07892,CoRR,"M Böhm, A Fazzone, S Leonardi… - arXiv preprint arXiv …, 2020 - arxiv.org"
Fair correlation clustering,Sara Ahmadian and Alessandro Epasto and Ravi Kumar and Mohammad Mahdian,94,related-pdfs/Fair_correlation_clustering.pdf,http://arxiv.org/abs/2002.02274v2,DBLP,https://dblp.org/rec/conf/aistats/AhmadianE0M20,AISTATS,"S Ahmadi, S Galhotra, B Saha, R Schwartz - arXiv preprint arXiv …, 2020 - arxiv.org"
"Deep fair clustering via maximizing and minimizing mutual information: Theory, algorithm and metric","Pengxin Zeng, Yunfan Li, Peng Hu, Dezhong Peng, Jiancheng Lv, Xi Peng",30,,http://openaccess.thecvf.com/content/CVPR2023/html/Zeng_Deep_Fair_Clustering_via_Maximizing_and_Minimizing_Mutual_Information_Theory_CVPR_2023_paper.html,UNKNOWN,https://dblp.org/rec/conf/cvpr/Zeng00P0023,CVPR,"P Zeng, Y Li, P Hu, D Peng, J Lv… - Proceedings of the …, 2023 - openaccess.thecvf.com"
Towards fair unsupervised learning,"Francois Buet-Golfouse, Islam Utyagulov",30,,https://dl.acm.org/doi/abs/10.1145/3531146.3533197,UNKNOWN,https://dblp.org/rec/conf/fat/Buet-GolfouseU22,FAccT,"F Buet-Golfouse, I Utyagulov - Proceedings of the 2022 ACM conference …, 2022 - dl.acm.org"
Approximate group fairness for clustering,Bo Li and Lijun Li and Ankang Sun and Chenhao Wang and Yingfan Wang,32,related-pdfs/Approximate_group_fairness_for_clustering.pdf,http://arxiv.org/abs/2203.17146v1,DBLP,https://dblp.org/rec/conf/icml/LiLSWW21,CoRR,"B Li, L Li, A Sun, C Wang… - … conference on machine …, 2021 - proceedings.mlr.press"
Approximation algorithms for fair range clustering,Sèdjro Salomon Hotegni and Sepideh Mahabadi and Ali Vakilian,29,related-pdfs/Approximation_algorithms_for_fair_range_clustering.pdf,http://arxiv.org/abs/2306.06778v2,DBLP,https://dblp.org/rec/conf/icml/HotegniMV23,ICML,"SS Hotegni, S Mahabadi… - … Conference on Machine …, 2023 - proceedings.mlr.press"
Fair-capacitated clustering,Vanessa Tran and Manuel Kammermann and Philipp Baumann,25,related-pdfs/Fair-capacitated_clustering.pdf,https://doi.org/10.1109/ieem58616.2023.10406388,DBLP,https://dblp.org/rec/conf/ieem/TranKB23,EDM,"TL Quy, A Roy, G Friege, E Ntoutsi - arXiv preprint arXiv:2104.12116, 2021 - arxiv.org"
Fair and fast k-center clustering for data summarization,Haris Angelidakis and Adam Kurpisz and Leon Sering and Rico Zenklusen,26,related-pdfs/Fair_and_fast_k-center_clustering_for_data_summarization.pdf,https://doi.org/10.1109/ijcnn.2016.7727739,DBLP,https://dblp.org/rec/conf/icml/AngelidakisKSZ22,ICML,"H Angelidakis, A Kurpisz, L Sering… - … on Machine Learning, 2022 - proceedings.mlr.press"
Fairness-aware multi-view clustering,"Lecheng Zheng, Yada Zhu, Jingrui He",25,,https://epubs.siam.org/doi/abs/10.1137/1.9781611977653.ch96,UNKNOWN,https://dblp.org/rec/conf/sdm/ZhengZH23,SDM,"L Zheng, Y Zhu, J He - Proceedings of the 2023 SIAM International …, 2023 - SIAM"
Tight fpt approximation for socially fair clustering,Dishant Goyal and Ragesh Jaiswal,23,related-pdfs/Tight_fpt_approximation_for_socially_fair_clustering.pdf,http://arxiv.org/abs/2106.06755v2,DBLP,https://dblp.org/rec/journals/ipl/GoyalJ23,Inf. Process. Lett.,"D Goyal, R Jaiswal - Information Processing Letters, 2023 - Elsevier"
On short term fairness and throughput of user clustering for downlink non-orthogonal multiple access system,"Mohanad M. Al-Wani, Aduwati Sali, Borhanuddin Mohd Ali, Asem A. Salah, Keivan Navaie, Chee Yen Leow, Nor Kamariah Noordin, Shaiful J. Hashim",23,,https://ieeexplore.ieee.org/abstract/document/8746330/,UNKNOWN,https://dblp.org/rec/conf/vtc/Al-WaniSASNLNH19,VTC Spring,"MM Al-Wani, A Sali, BM Ali, AA Salah… - 2019 IEEE 89th …, 2019 - ieeexplore.ieee.org"
Fair clustering using antidote data,Anshuman Chhabra and Adish Singla and Prasant Mohapatra,25,related-pdfs/Fair_clustering_using_antidote_data.pdf,http://arxiv.org/abs/2106.00600v2,DBLP,https://dblp.org/rec/conf/afci/ChhabraSM21,AFCR,"A Chhabra, A Singla… - … Fairness through the Lens …, 2022 - proceedings.mlr.press"
Fairness-aware clique-preserving spectral clustering of temporal graphs,"Dongqi Fu, Dawei Zhou, Ross Maciejewski, Arie Croitoru, Marcus Boyd, Jingrui He",22,,https://dl.acm.org/doi/abs/10.1145/3543507.3583423,UNKNOWN,https://dblp.org/rec/conf/www/Fu0MCBH23,WWW,"D Fu, D Zhou, R Maciejewski, A Croitoru… - Proceedings of the …, 2023 - dl.acm.org"
Revisiting Priority -Center: Fairness and Outliers,"Tanvi Bajpai, Deeparnab Chakrabarty, Chandra Chekuri, Maryam Negahbani",23,,https://arxiv.org/abs/2103.03337,UNKNOWN,https://dblp.org/rec/conf/icalp/BajpaiCCN21,ICALP,"T Bajpai, D Chakrabarty, C Chekuri… - arXiv preprint arXiv …, 2021 - arxiv.org"
Efficient algorithms for fair clustering with a new notion of fairness,Shivam Gupta and Ganesh Ghalme and Narayanan C. Krishnan and Shweta Jain,23,related-pdfs/Efficient_algorithms_for_fair_clustering_with_a_new_notion_of_fairness.pdf,https://doi.org/10.1007/s10618-023-00928-6,DBLP,https://dblp.org/rec/journals/datamine/GuptaGKJ23,Data Min. Knowl. Discov.,"S Gupta, G Ghalme, NC Krishnan, S Jain - Data Mining and Knowledge …, 2023 - Springer"
Deep fair discriminative clustering,"Hongjing Zhang, Ian Davidson",21,,https://arxiv.org/abs/2105.14146,UNKNOWN,https://dblp.org/rec/journals/corr/abs-2105-14146,CoRR,"H Zhang, I Davidson - arXiv preprint arXiv:2105.14146, 2021 - arxiv.org"
A Stochastic Alternating Balance k-Means Algorithm for Fair Clustering,Suyun Liu and Lu\'\is Nunes Vicente,19,related-pdfs/A_Stochastic_Alternating_Balance_k-Means_Algorithm_for_Fair_Clustering.pdf,https://doi.org/10.1007/978-3-031-24866-5_6,DBLP,https://dblp.org/rec/conf/lion/LiuV22,LION,"S Liu, LN Vicente - International Conference on Learning and Intelligent …, 2022 - Springer"
Distributional individual fairness in clustering,Nihesh Anderson and Suman K. Bera and Syamantak Das and Yang Liu,20,related-pdfs/Distributional_individual_fairness_in_clustering.pdf,http://arxiv.org/abs/2006.12589v1,DBLP,https://dblp.org/rec/journals/corr/abs-2006-12589,CoRR,"N Anderson, SK Bera, S Das, Y Liu - arXiv preprint arXiv:2006.12589, 2020 - arxiv.org"
Fair k-center clustering in MapReduce and streaming settings,Suman K. Bera and Syamantak Das and Sainyam Galhotra and Sagar Sudhir Kale,19,related-pdfs/Fair_k-center_clustering_in_MapReduce_and_streaming_settings.pdf,https://doi.org/10.1145/3485447.3512188,DBLP,https://dblp.org/rec/conf/www/BeraDGK22,WWW,"SK Bera, S Das, S Galhotra, SS Kale - Proceedings of the ACM Web …, 2022 - dl.acm.org"
Fair clustering with fair correspondence distribution,Woojin Lee and Hyungjin Ko and Junyoung Byun and Taeho Yoon and Jaewook Lee,16,,https://doi.org/10.1016/j.ins.2021.09.010,DBLP,https://dblp.org/rec/journals/isci/LeeKBYL21,Inf. Sci.,"W Lee, H Ko, J Byun, T Yoon, J Lee - Information Sciences, 2021 - Elsevier"
Learning to generate fair clusters from demonstrations,"Sainyam Galhotra, Sandhya Saisubramanian, Shlomo Zilberstein",16,,https://dl.acm.org/doi/abs/10.1145/3461702.3462558,UNKNOWN,https://dblp.org/rec/conf/aies/GalhotraSZ21,AIES,"S Galhotra, S Saisubramanian… - Proceedings of the 2021 …, 2021 - dl.acm.org"
Improved approximation for fair correlation clustering,Sara Ahmadian and Maryam Negahbani,16,related-pdfs/Improved_approximation_for_fair_correlation_clustering.pdf,http://arxiv.org/abs/2206.05050v1,DBLP,https://dblp.org/rec/conf/aistats/AhmadianN23,AISTATS,"S Ahmadian, M Negahbani - International Conference on …, 2023 - proceedings.mlr.press"
Fair correlation clustering with global and local guarantees,Zachary Friggstad and Ramin Mousavi,17,,https://doi.org/10.1007/978-3-030-83508-8_30,DBLP,https://dblp.org/rec/conf/wads/FriggstadM21a,WADS,"Z Friggstad, R Mousavi - Workshop on Algorithms and Data Structures, 2021 - Springer"
Proportional fairness in clustering: A social choice perspective,Leon Kellerhals and Jannik Peters,24,related-pdfs/Proportional_fairness_in_clustering_A_social_choice_perspective.pdf,http://arxiv.org/abs/2310.18162v2,DBLP,https://dblp.org/rec/conf/nips/Kellerhals024,NeurIPS,"L Kellerhals, J Peters - Advances in Neural Information …, 2024 - proceedings.neurips.cc"
Fairness degrading adversarial attacks against clustering algorithms,Anshuman Chhabra and Adish Singla and Prasant Mohapatra,17,related-pdfs/Fairness_degrading_adversarial_attacks_against_clustering_algorithms.pdf,http://arxiv.org/abs/2110.12020v1,DBLP,https://dblp.org/rec/journals/corr/abs-2110-12020,CoRR,"A Chhabra, A Singla, P Mohapatra - arXiv preprint arXiv:2110.12020, 2021 - arxiv.org"
Proportional fair clustered federated learning,"Mohamed S. Nafea, Eugine Shin, Aylin Yener",17,,https://ieeexplore.ieee.org/abstract/document/9834545/,UNKNOWN,https://dblp.org/rec/conf/isit/NafeaSY22,ISIT,"M Nafea, E Shin, A Yener - 2022 IEEE International …, 2022 - ieeexplore.ieee.org"
Fair correlation clustering in general graphs,Roy Schwartz and Roded Zats,13,related-pdfs/Fair_correlation_clustering_in_general_graphs.pdf,https://doi.org/10.1016/j.tcs.2006.05.008,DBLP,https://dblp.org/rec/conf/approx/SchwartzZ22,APPROX/RANDOM,"R Schwartz, R Zats - Approximation, Randomization, and …, 2022 - drops.dagstuhl.de"
On Coresets for Fair Regression and Individually Fair Clustering.,Rachit Chhaya and Anirban Dasgupta and Jayesh Choudhari and Supratim Shit,17,related-pdfs/On_Coresets_for_Fair_Regression_and_Individually_Fair_Clustering..pdf,https://doi.org/10.1109/bigdata55660.2022.10020548,DBLP,https://dblp.org/rec/conf/aistats/Chhaya0CS22,AISTATS,"R Chhaya, A Dasgupta, J Choudhari, S Shit - AISTATS, 2022 - scholar.archive.org"
Clustering with fair-center representation: Parameterized approximation algorithms and heuristics,Suhas Thejaswi and Ameet Gadekar and Bruno Ordozgoiti and Michal Osadnik,13,,https://doi.org/10.1609/aaai.v36i4.20305,DBLP,https://dblp.org/rec/conf/kdd/ThejaswiGOO22,KDD,"S Thejaswi, A Gadekar, B Ordozgoiti… - Proceedings of the 28th …, 2022 - dl.acm.org"
Fairness constraint of fuzzy c-means clustering improves clustering fairness,Xia Xu and Hui Zhang and Chunming Yang and Xujian Zhao and Bo Li,14,related-pdfs/Fairness_constraint_of_fuzzy_c-means_clustering_improves_clustering_fairness.pdf,https://doi.org/10.1109/icassp49660.2025.10888003,DBLP,https://dblp.org/rec/conf/acml/XuZYZ021,ACML,"X Xia, Z Hui, Y Chunming… - Asian conference on …, 2021 - proceedings.mlr.press"
Fair labeled clustering,Seyed A. Esmaeili and Sharmila Duppala and John P. Dickerson and Brian Brubach,12,related-pdfs/Fair_labeled_clustering.pdf,https://doi.org/10.1145/3534678.3539451,DBLP,https://dblp.org/rec/conf/kdd/EsmaeiliDDB22,KDD,"SA Esmaeili, S Duppala, JP Dickerson… - Proceedings of the 28th …, 2022 - dl.acm.org"
Doubly constrained fair clustering,John P. Dickerson and Seyed A. Esmaeili and Jamie H. Morgenstern and Claire Jie Zhang,13,related-pdfs/Doubly_constrained_fair_clustering.pdf,https://doi.org/10.1145/3534678.3539451,DBLP,https://dblp.org/rec/conf/nips/DickersonEMZ23,NeurIPS,"J Dickerson, S Esmaeili… - Advances in Neural …, 2023 - proceedings.neurips.cc"
Feature-based individual fairness in k-clustering,Debajyoti Kar and Mert Kosan and Debmalya Mandal and Sourav Medya and Arlei Silva and Palash Dey and Swagato Sanyal,14,related-pdfs/Feature-based_individual_fairness_in_k-clustering.pdf,https://doi.org/10.1007/978-981-99-7184-8_2,DBLP,https://dblp.org/rec/conf/atal/KarKMMSDS23,AAMAS,"D Kar, M Kosan, D Mandal, S Medya, A Silva… - arXiv preprint arXiv …, 2021 - arxiv.org"
Representativity fairness in clustering,Deepak P and Savitha Sam Abraham,13,related-pdfs/Representativity_fairness_in_clustering.pdf,http://arxiv.org/abs/2010.07054v1,DBLP,https://dblp.org/rec/conf/websci/0001A20,WebSci,"SS Abraham - arXiv preprint arXiv:2010.07054, 2020 - arxiv.org"
Fair representation clustering with several protected classes,Zhen Dai and Yury Makarychev and Ali Vakilian,12,related-pdfs/Fair_representation_clustering_with_several_protected_classes.pdf,https://doi.org/10.1145/3531146.3533146,DBLP,https://dblp.org/rec/conf/fat/DaiMV22,FAccT,"Z Dai, Y Makarychev, A Vakilian - … of the 2022 ACM Conference on …, 2022 - dl.acm.org"
Fair clustering for diverse and experienced groups,Ilya Amburg and Nate Veldt and Austin R. Benson,14,related-pdfs/Fair_clustering_for_diverse_and_experienced_groups.pdf,https://doi.org/10.1137/1.9781611977172.17,DBLP,https://dblp.org/rec/journals/corr/abs-2006-05645,CoRR,"I Amburg, N Veldt, AR Benson - arXiv preprint arXiv …, 2020 - qiniu.pattern.swarma.org"
Constant-Factor Approximation Algorithms for Socially Fair -Clustering,"Mehrdad Ghadiri, Mohit Singh, Santosh S. Vempala",13,,https://arxiv.org/abs/2206.11210,UNKNOWN,https://dblp.org/rec/journals/corr/abs-2206-11210,CoRR,"M Ghadiri, M Singh, SS Vempala - arXiv preprint arXiv:2206.11210, 2022 - arxiv.org"
Fairness in visual clustering: A novel transformer clustering approach,"Xuan-Bac Nguyen, Chi Nhan Duong, Marios Savvides, Kaushik Roy, Khoa Luu",11,,https://arxiv.org/abs/2304.07408,UNKNOWN,https://dblp.org/rec/journals/corr/abs-2304-07408,CoRR,"XB Nguyen, CN Duong, M Savvides, K Roy… - arXiv preprint arXiv …, 2023 - arxiv.org"
Evaluating performance of scalable fair clustering machine learning techniques in detecting cyber attacks in industrial control systems,"A Handa, P Semwal - Handbook of Big Data Analytics and Forensics, 2022 - Springer",11,,https://link.springer.com/chapter/10.1007/978-3-030-74753-4_7,UNKNOWN,,,"A Handa, P Semwal - Handbook of Big Data Analytics and Forensics, 2022 - Springer"
A scalable algorithm for individually fair k-means clustering,MohammadHossein Bateni and Vincent Cohen-Addad and Alessandro Epasto and Silvio Lattanzi,16,related-pdfs/A_scalable_algorithm_for_individually_fair_k-means_clustering.pdf,http://arxiv.org/abs/2402.06730v1,DBLP,https://dblp.org/rec/conf/aistats/BateniCEL24,AISTATS,"MH Bateni, V Cohen-Addad… - International …, 2024 - proceedings.mlr.press"
Consistency of constrained spectral clustering under graph induced fair planted partitions,"Shubham Gupta, Ambedkar Dukkipati",14,,https://proceedings.neurips.cc/paper_files/paper/2022/hash/57d7e7e1593ad1ab6818c258fa5654ce-Abstract-Conference.html,UNKNOWN,https://dblp.org/rec/conf/nips/GuptaD22,NeurIPS,"S Gupta, A Dukkipati - Advances in Neural Information …, 2022 - proceedings.neurips.cc"
Balanced fair K-Means clustering,Renbo Pan and Caiming Zhong and Jiangbo Qian,11,,https://doi.org/10.1109/tii.2023.3342888,DBLP,https://dblp.org/rec/journals/tii/PanZQ24,IEEE Trans. Ind. Informatics,"R Pan, C Zhong, J Qian - IEEE Transactions on Industrial …, 2023 - ieeexplore.ieee.org"
k-Clustering with Fair Outliers,Daichi Amagata,12,,https://doi.org/10.1145/3488560.3498485,DBLP,https://dblp.org/rec/conf/aistats/Amagata24,WSDM,"M Almanza, A Epasto, A Panconesi, G Re - Proceedings of the Fifteenth …, 2022 - dl.acm.org"
Whither fair clustering,Deepak P,9,,https://arxiv.org/abs/2007.07838,UNKNOWN,https://dblp.org/rec/journals/corr/abs-2007-07838,CoRR,"P Deepak - AI for Social Good Workshop. Harvard CRCS, 2020 - arxiv.org"
Towards cohesion-fairness harmony: Contrastive regularization in individual fair graph clustering,Siamak Ghodsi and Seyed Amjad Seyedi and Eirini Ntoutsi,12,related-pdfs/Towards_cohesion-fairness_harmony_Contrastive_regularization_in_individual_fair_graph_clustering.pdf,https://doi.org/10.1007/978-981-97-2242-6_23,DBLP,https://dblp.org/rec/conf/pakdd/GhodsiSN24,PAKDD,"S Ghodsi, SA Seyedi, E Ntoutsi - Pacific-Asia Conference on Knowledge …, 2024 - Springer"
Fal-cur: fair active learning using uncertainty and representativeness on fair clustering,"Ricky Maulana Fajri, Akrati Saxena, Yulong Pei, Mykola Pechenizkiy",8,,https://www.sciencedirect.com/science/article/pii/S0957417423033444,UNKNOWN,https://dblp.org/rec/journals/corr/abs-2209-12756,CoRR,"RM Fajri, A Saxena, Y Pei, M Pechenizkiy - Expert Systems with …, 2024 - Elsevier"
A dual Laplacian framework with effective graph learning for unified fair spectral clustering,"Xiang Zhang, Qiao Wang",8,,https://www.sciencedirect.com/science/article/pii/S0925231224009810,UNKNOWN,https://dblp.org/rec/journals/ijon/ZhangW24a,Neurocomputing,"X Zhang, Q Wang - Neurocomputing, 2024 - Elsevier"
Algorithms for fair k-clustering with multiple protected attributes,Matteo Böhm and Adriano Fazzone and Stefano Leonardi and Cristina Menghini and Chris Schwiegelshohn,7,,https://doi.org/10.1016/j.orl.2021.08.011,DBLP,https://dblp.org/rec/journals/orl/BohmFLMS21,Oper. Res. Lett.,"M Böhm, A Fazzone, S Leonardi, C Menghini… - Operations Research …, 2021 - Elsevier"
Fairness first clustering: A multi-stage approach for mitigating bias,"R Pan, C Zhong - Electronics, 2023 - mdpi.com",8,,https://doi.org/10.3390/electronics12132969,NONE,,,"R Pan, C Zhong - Electronics, 2023 - mdpi.com"
Proportional fairness in non-centroid clustering,Ioannis Caragiannis and Evi Micha and Nisarg Shah,8,related-pdfs/Proportional_fairness_in_non-centroid_clustering.pdf,https://doi.org/10.1007/978-3-031-49094-1_2,DBLP,https://dblp.org/rec/conf/nips/CaragiannisM024,NeurIPS,"I Caragiannis, E Micha, N Shah - Advances in Neural …, 2024 - proceedings.neurips.cc"
Generalized reductions: making any hierarchical clustering fair and balanced with low cost,"Marina Knittel, Max Springer, John P. Dickerson, MohammadTaghi Hajiaghayi",6,,http://proceedings.mlr.press/v202/knittel23a.html,UNKNOWN,https://dblp.org/rec/conf/icml/KnittelSDH23,ICML,"M Knittel, M Springer, JP Dickerson… - International …, 2023 - proceedings.mlr.press"
"Fair, polylog-approximate low-cost hierarchical clustering",Marina Knittel and Max Springer and John P. Dickerson and MohammadTaghi Hajiaghayi,5,related-pdfs/Fair_polylog-approximate_low-cost_hierarchical_clustering.pdf,https://doi.org/10.1109/icmla55696.2022.00036,DBLP,https://dblp.org/rec/conf/nips/KnittelSDH23,NeurIPS,"M Knittel, M Springer, J Dickerson… - Advances in Neural …, 2023 - proceedings.neurips.cc"
One-stage fair multi-view spectral clustering,"Rongwen Li, Haiyang Hu, Liang Du, Jiarong Chen, Bingbing Jiang, Peng Zhou",6,,https://dl.acm.org/doi/abs/10.1145/3664647.3681162,UNKNOWN,https://dblp.org/rec/conf/mm/LiHDC0Z24,ACM Multimedia,"R Li, H Hu, L Du, J Chen, B Jiang, P Zhou - Proceedings of the 32nd …, 2024 - dl.acm.org"
Fast and accurate fair k-center clustering in doubling metrics,Matteo Ceccarello and Andrea Pietracaprina and Geppino Pucci,7,,https://doi.org/10.1145/3589334.3645568,DBLP,https://dblp.org/rec/conf/www/CeccarelloPP24,WWW,"M Ceccarello, A Pietracaprina, G Pucci - Proceedings of the ACM Web …, 2024 - dl.acm.org"
Fair minimum representation clustering,Connor Lawless and Oktay Günlük,5,related-pdfs/Fair_minimum_representation_clustering.pdf,http://arxiv.org/abs/2302.03151v2,DBLP,https://dblp.org/rec/conf/cpaior/LawlessG24,CPAIOR,"C Lawless, O Günlük - International Conference on the Integration of …, 2024 - Springer"
Scalable and improved algorithms for individually fair clustering,"M Bateni, V Cohen-Addad, A Epasto… - … on Trustworthy and …, 2022 - openreview.net",6,,https://openreview.net/forum?id=gdPiOBu99Y,UNKNOWN,,,"M Bateni, V Cohen-Addad, A Epasto… - … on Trustworthy and …, 2022 - openreview.net"
MultiFDF: Multi-community clustering for fairness-aware recommendation,"Bang Wang, Shipeng Song, Shenghao Liu, Xianjun Deng",7,,https://ieeexplore.ieee.org/abstract/document/10145482/,UNKNOWN,https://dblp.org/rec/journals/tcss/WangSLD23,IEEE Trans. Comput. Soc. Syst.,"B Wang, S Song, S Liu, X Deng - IEEE Transactions on …, 2023 - ieeexplore.ieee.org"
A gibbs posterior framework for fair clustering,"Abhisek Chakraborty, Anirban Bhattacharya, Debdeep Pati",6,,https://www.mdpi.com/1099-4300/26/1/63,UNKNOWN,https://dblp.org/rec/journals/entropy/ChakrabortyBP24,Entropy,"A Chakraborty, A Bhattacharya, D Pati - Entropy, 2024 - mdpi.com"
Fair correlation clustering in forests,"Katrin Casel, Tobias Friedrich, Martin Schirneck, Simon Wietheger",5,,https://arxiv.org/abs/2302.11295,UNKNOWN,https://dblp.org/rec/conf/forc/Casel0SW23,FORC,"K Casel, T Friedrich, M Schirneck… - arXiv preprint arXiv …, 2023 - arxiv.org"
When correlation clustering meets fairness constraints,Francesco Gullo and Lucio La Cava and Domenico Mandaglio and Andrea Tagarelli,6,related-pdfs/When_Correlation_Clustering_Meets_Fairness_Constraints.pdf,https://doi.org/10.1007/978-3-031-18840-4_22,DBLP,https://dblp.org/rec/conf/dis/GulloCMT22,DS,"F Gullo, L La Cava, D Mandaglio, A Tagarelli - … Conference on Discovery …, 2022 - Springer"
Fairness in clustering,Yue Lin and George Grekousis,4,related-pdfs/Fairness_in_clustering.pdf,http://arxiv.org/abs/2010.07054v1,DBLP,https://dblp.org/rec/journals/gis/LinG25,J. Interact. Syst.,"P Awasthi, B Brubach, D Chakrabarty… - AAAI Conference on …, 2022 - fairclustering.com"
"Fair clustering: Critique, caveats, and future directions",John Dickerson and Seyed A. Esmaeili and Jamie Morgenstern and Claire Jie Zhang,3,related-pdfs/Fair_Clustering_Critique_Caveats_and_Future_Directions.pdf,http://arxiv.org/abs/2406.15960v1,DBLP,https://dblp.org/rec/conf/satml/0001EMZ25,CoRR,"J Dickerson, SA Esmaeili, J Morgenstern… - arXiv preprint arXiv …, 2024 - arxiv.org"
Fair clustering ensemble with equal cluster capacity,"Peng Zhou, Rongwen Li, Zhaolong Ling, Liang Du, Xinwang Liu",6,,https://doi.org/10.1109/tpami.2024.3507857,NONE,https://dblp.org/rec/journals/pami/ZhouLLDL25,IEEE Trans. Pattern Anal. Mach. Intell.,"P Zhou, R Li, Z Ling, L Du, X Liu - IEEE Transactions on Pattern …, 2024 - ieeexplore.ieee.org"
The Fairness-Quality Tradeoff in Clustering,Rashida Hakim and Ana-Andreea Stoica and Christos H. Papadimitriou and Mihalis Yannakakis,4,related-pdfs/The_Fairness-Quality_Trade-off_in_Clustering.pdf,https://arxiv.org/abs/2408.10002,DBLP,https://dblp.org/rec/journals/corr/abs-2408-10002,NeurIPS,"R Hakim, AA Stoica… - Advances in Neural …, 2024 - proceedings.neurips.cc"
Fair k-center clustering with outliers,Daichi Amagata,7,related-pdfs/Fair_k-center_clustering_with_outliers.pdf,https://doi.org/10.1007/978-3-030-96772-7_39,DBLP,https://dblp.org/rec/conf/aistats/Amagata24,AISTATS,"D Amagata - International Conference on Artificial …, 2024 - proceedings.mlr.press"
"Towards fair, explainable and actionable clustering for learning analytics.","Tai Le Quy, Eirini Ntoutsi",3,,https://athene-forschung.unibw.de/doc/145155/145155.pdf,UNKNOWN,https://dblp.org/rec/conf/edm/QuyN21,EDM,"T Le Quy, E Ntoutsi - EDM, 2021 - athene-forschung.unibw.de"
Spectral clustering with scale fairness constraints,Zhijing Yang and Hui Zhang and Chunming Yang and Bo Li and Xujian Zhao and Yin Long,3,related-pdfs/Spectral_clustering_with_scale_fairness_constraints.pdf,https://doi.org/10.21203/rs.3.rs-3839431/v1,DBLP,https://dblp.org/rec/journals/kais/YangZYLZL25,Knowl. Inf. Syst.,"Z Yang, H Zhang, C Yang, B Li, X Zhao… - … and Information Systems, 2025 - Springer"
A unified framework for fair spectral clustering with effective graph learning,"Xiang Zhang, Qiao Wang",3,,https://arxiv.org/abs/2311.13766,UNKNOWN,https://dblp.org/rec/journals/corr/abs-2311-13766,CoRR,"X Zhang, Q Wang - arXiv preprint arXiv:2311.13766, 2023 - arxiv.org"
Towards a theoretical understanding of why local search works for clustering with fair-center representation,Zhen Zhang and Junfeng Yang and Limei Liu and Xuesong Xu and Guozhen Rong and Qilong Feng,3,,https://doi.org/10.1609/aaai.v38i15.29638,DBLP,https://dblp.org/rec/conf/aaai/0025YLXRF24,AAAI,"Z Zhang, J Yang, L Liu, X Xu, G Rong… - Information and …, 2025 - Elsevier"
A Polynomial-Time Approximation for Pairwise Fair -Median Clustering,"Sayan Bandyapadhyay, Eden Chlamtác, Yury Makarychev, Ali Vakilian",6,,https://arxiv.org/abs/2405.10378,UNKNOWN,https://dblp.org/rec/journals/corr/abs-2405-10378,CoRR,"S Bandyapadhyay, E Chlamtáč, Z Friggstad… - arXiv preprint arXiv …, 2024 - arxiv.org"
Exploring rawlsian fairness for k-means clustering,Stanley Simoes and Deepak P and Muiris MacCarthaigh,3,related-pdfs/Exploring_rawlsian_fairness_for_k-means_clustering.pdf,http://arxiv.org/abs/2205.02052v1,DBLP,https://dblp.org/rec/journals/corr/abs-2205-02052,CoRR,"S Simoes, P Deepak, M MacCarthaigh - Responsible Data Science: Select …, 2022 - Springer"
Definitions of Fairness Differ Across Socioeconomic Groups & Shape Perceptions of Algorithmic Decisions,"Tonya Nguyen, Sabriya Alam, Cathy Hu, Catherine Albiston, Niloufar Salehi",3,,https://dl.acm.org/doi/abs/10.1145/3687058,UNKNOWN,https://dblp.org/rec/journals/pacmhci/NguyenAHAS24,Proc. ACM Hum. Comput. Interact.,"T Nguyen, S Alam, C Hu, C Albiston… - Proceedings of the ACM …, 2024 - dl.acm.org"
Fair clustering for data summarization: Improved approximation algorithms and complexity insights,"Ameet Gadekar, Aristides Gionis, Suhas Thejaswi",2,,https://doi.org/10.1145/3696410.3714857,arXiv,https://arxiv.org/abs/2410.12913v1,WWW,"A Gadekar, A Gionis, S Thejaswi - Proceedings of the ACM on Web …, 2025 - dl.acm.org"
Fair Clustering in the Sliding Window Model,"Vincent Cohen-Addad, Shaofeng H.-C. Jiang, Qiaoyuan Yang, Yubo Zhang, Samson Zhou",4,,https://arxiv.org/abs/2503.05173,UNKNOWN,https://dblp.org/rec/conf/iclr/Cohen-AddadJYZZ25,ICLR,"V Cohen-Addad, SHC Jiang, Q Yang, Y Zhang… - arXiv preprint arXiv …, 2025 - arxiv.org"
Fair soft clustering,Rune D. Kj\aersgaard and Pekka Parviainen and Saket Saurabh and Madhumita Kundu and Line H. Clemmensen,2,related-pdfs/Fair_soft_clustering.pdf,https://doi.org/10.1145/3534678.3539451,DBLP,https://dblp.org/rec/conf/aistats/KjaersgaardP0KC24,AISTATS,"RD Kjærsgaard, P Parviainen, S Saurabh, M Kundu… - 2024 - bora.uib.no"
Can geodemographic clustering be fair? Incorporating social fairness in crisp and fuzzy approaches through a unified framework,"Yue Lin, George Grekousis",2,,https://www.tandfonline.com/doi/abs/10.1080/13658816.2024.2444525,UNKNOWN,https://dblp.org/rec/journals/gis/LinG25,Int. J. Geogr. Inf. Sci.,"Y Lin, G Grekousis - International Journal of Geographical …, 2025 - Taylor & Francis"
Fair clustering via hierarchical fair-dirichlet process,"Abhisek Chakraborty, Anirban Bhattacharya, Debdeep Pati",3,,https://arxiv.org/abs/2305.17557,UNKNOWN,https://dblp.org/rec/journals/corr/abs-2305-17557,CoRR,"A Chakraborty, A Bhattacharya, D Pati - arXiv preprint arXiv:2305.17557, 2023 - arxiv.org"
Socially Fair Center-Based and Linear Subspace Clustering,"Sruthi Gorantla, Kishen N. Gowda, Amit Deshpande, Anand Louis",2,,https://link.springer.com/chapter/10.1007/978-3-031-43412-9_43,UNKNOWN,https://dblp.org/rec/conf/pkdd/GorantlaGDL23,ECML/PKDD,"S Gorantla, KN Gowda, A Deshpande… - Joint European Conference …, 2023 - Springer"
New algorithms for distributed fair k-center clustering: almost accurate as sequential algorithms,"Xiaoliang Wu, Qilong Feng, Ziyun Huang, Jinhui Xu, Jianxin Wang",4,,https://ifaamas.csc.liv.ac.uk/Proceedings/aamas2024/pdfs/p1938.pdf,UNKNOWN,https://dblp.org/rec/conf/atal/WuFH0024,AAMAS,"X Wu, Q Feng, Z Huang, J Xu… - Proceedings of the 23rd …, 2024 - ifaamas.csc.liv.ac.uk"
Cost Guarantee for Individual Fairness on Spectral Clustering,"Zhijing Yang, Hui Zhang, Chunming Yang, Yi Yang, Bo Li",2,,https://doi.org/10.1109/icpads60453.2023.00218,NONE,https://dblp.org/rec/conf/icpads/YangZYYL23,ICPADS,"Z Yang, H Zhang, C Yang, Y Yang… - 2023 IEEE 29th …, 2023 - ieeexplore.ieee.org"
Fair clustering: Overview,"Anshuman Chhabra, Karina Masalkovaite, Prasant Mohapatra",1,,,UNKNOWN,https://dblp.org/rec/journals/access/ChhabraMM21,IEEE Access,H Xiao - 2019
Robust fair clustering with group membership uncertainty sets,"Sharmila Duppala, Juan Luque, John P. Dickerson, Seyed A. Esmaeili",1,related-pdfs/Robust_Fair_Clustering_with_Group_Membership_Uncertainty_Sets.pdf,http://arxiv.org/abs/2406.00599v3,arXiv,https://arxiv.org/abs/2406.00599v3,AISTATS,"S Duppala, J Luque, JP Dickerson… - arXiv preprint arXiv …, 2024 - arxiv.org"
Towards fairer centroids in k-means clustering,"Stanley Simoes, Deepak P, Muiris MacCarthaigh",1,,https://ojs.aaai.org/index.php/AAAI/article/view/30156,UNKNOWN,https://dblp.org/rec/conf/aaai/Simoes0M24,AAAI,"S Simoes, P Deepak, M MacCarthaigh - Proceedings of the AAAI …, 2024 - ojs.aaai.org"
An Optimization-Based Order-and-Cut Approach for Fair Clustering of Data Sets,"S Li, H Aprahamian, M Nouiehed… - INFORMS Journal on …, 2024 - pubsonline.informs.org",1,,https://pubsonline.informs.org/doi/abs/10.1287/ijds.2022.0005,UNKNOWN,,,"S Li, H Aprahamian, M Nouiehed… - INFORMS Journal on …, 2024 - pubsonline.informs.org"
K-Means Clustering with Fairness Constraints,Weiting Xu and Jie Hu and Shengdong Du and Yan Yang,1,,https://doi.org/10.1109/iske54062.2021.9755376,DBLP,https://dblp.org/rec/conf/iske/XuHDY21,ISKE,"W Xu, J Hu, S Du, Y Yang - 2021 16th International Conference …, 2021 - ieeexplore.ieee.org"
Fair center clustering in sliding windows,"Matteo Ceccarello, Andrea Pietracaprina, Geppino Pucci, Francesco Visonà",1,related-pdfs/Fair_Center_Clustering_in_Sliding_Windows.pdf,https://doi.org/10.3390/a15020052,arXiv,https://arxiv.org/abs/2503.05260v1,CoRR,"M Ceccarello, A Pietracaprina, G Pucci… - arXiv preprint arXiv …, 2025 - arxiv.org"
Fair k-means clustering,"Ali Feizollah, Nor Badrul Anuar, Rosli Salleh, Fairuz Amalina",1,,https://www.researchgate.net/profile/Mehrdad-Ghadiri/publication/342302166_Fair_k-Means_Clustering/links/5f07a18892851c52d62526e3/Fair-k-Means-Clustering.pdf,UNKNOWN,https://dblp.org/rec/conf/isbast/FeizollahASA14,ISBAST,"M Ghadiri, S Samadi, S Vempala - arXiv preprint arXiv …, 2020 - researchgate.net"
Cost-Free Fairness in Online Correlation Clustering,"Eric Balkanski, Jason Chatzitheodorou, Andreas Maggiori",2,related-pdfs/Cost-Free_Fairness_in_Online_Correlation_Clustering.pdf,https://doi.org/10.1007/978-3-031-18840-4_22,NONE,https://dblp.org/rec/conf/alt/BalkanskiCM25,ALT,"E Balkanski, J Chatzitheodorou… - 36th International …, 2025 - raw.githubusercontent.com"
Linear programming based approximation to individually fair k-clustering with outliers,"Binita Maity, Shrutimoy Das, Anirban Dasgupta",3,,https://arxiv.org/abs/2412.10923,UNKNOWN,https://dblp.org/rec/journals/corr/abs-2412-10923,CoRR,"B Maity, S Das, A Dasgupta - arXiv preprint arXiv:2412.10923, 2024 - arxiv.org"
Scale fairness on spectral clustering,Zhijing Yang and Hui Zhang and Chunming Yang and Bo Li and Xujian Zhao and Yin Long,1,,https://doi.org/10.1145/3676288.3676301,DBLP,https://dblp.org/rec/conf/ssdbm/YangZYLZL24,SSDBM,"Z Yang, H Zhang, C Yang, B Li, X Zhao… - Proceedings of the 36th …, 2024 - dl.acm.org"
Fair Spectral Clustering Based on Coordinate Descent,"R Feng, C Zhong, T Pan - Symmetry, 2024 - mdpi.com",1,,https://www.mdpi.com/2073-8994/17/1/12,UNKNOWN,,,"R Feng, C Zhong, T Pan - Symmetry, 2024 - mdpi.com"
A Semidefinite Relaxation Approach for Fair Graph Clustering,"Sina Baharlouei, Sadra Sabouri",2,,https://arxiv.org/abs/2410.15233,UNKNOWN,https://dblp.org/rec/journals/corr/abs-2410-15233,CoRR,"S Baharlouei, S Sabouri - arXiv preprint arXiv:2410.15233, 2024 - arxiv.org"
Group and individual fairness in clustering algorithms,"S Gupta, S Jain, G Ghalme, NC Krishnan… - Ethics in Artificial …, 2023 - Springer",1,related-pdfs/Group_and_Individual_Fairness_in_Clustering_Algorithms.pdf,https://doi.org/10.1007/978-981-99-7184-8_2,NONE,,,"S Gupta, S Jain, G Ghalme, NC Krishnan… - Ethics in Artificial …, 2023 - Springer"
Fairness in Clustering,Yue Lin and George Grekousis,4,related-pdfs/Fairness_in_clustering.pdf,http://arxiv.org/abs/2010.07054v1,DBLP,https://dblp.org/rec/journals/gis/LinG25,J. Interact. Syst.,"B Brubach, D Chakrabarty, JP Dickerson, S Esmaeili… - 2022 - fairclustering.com"
Fairness and Information Access Clustering in Social Networks,H Beilinson - 2020 - scholarship.tricolib.brynmawr.edu,1,,https://scholarship.tricolib.brynmawr.edu/handle/10066/22615,UNKNOWN,,,H Beilinson - 2020 - scholarship.tricolib.brynmawr.edu
Approximation Algorithms for Clustering: Fairness and Outlier Detection,M Negahbani - 2022 - search.proquest.com,1,related-pdfs/Approximation_Algorithms_for_Clustering_Fairness_and_Outlier_Detection.pdf,https://doi.org/10.1145/3447548.3470822,NONE,,,M Negahbani - 2022 - search.proquest.com
Fair Clustering with Clusterlets,"Mattia Setzu, Riccardo Guidotti",0,related-pdfs/Fair_Clustering_with_Clusterlets.pdf,https://doi.org/10.1145/3534678.3539451,arXiv,https://arxiv.org/abs/2505.06259v1,CoRR,"M Setzu, R Guidotti - arXiv preprint arXiv:2505.06259, 2025 - arxiv.org"
"SoK: Fair Clustering: Critique, Caveats, and Future Directions","John Dickerson, Seyed A. Esmaeili, Jamie Morgenstern, Claire Jie Zhang",1,,https://doi.org/10.1109/satml64287.2025.00044,NONE,https://dblp.org/rec/conf/satml/0001EMZ25,SaTML,"J Dickerson, SA Esmaeili… - … IEEE Conference on …, 2025 - ieeexplore.ieee.org"
Fair Clustering via Alignment,"Kunwoong Kim, Jihu Lee, Sangchul Park, Yongdai Kim",0,related-pdfs/Fair_Clustering_via_Alignment.pdf,https://doi.org/10.3233/faia240570,arXiv,https://arxiv.org/abs/2505.09131v2,CoRR,"K Kim, J Lee, S Park, Y Kim - arXiv preprint arXiv:2505.09131, 2025 - arxiv.org"
FACROC: a fairness measure for FAir Clustering through ROC curves,"Tai Le Quy, Long Le Thanh, Lan Luong Thi Hong, Frank Hopfgartner",0,related-pdfs/FACROC_a_fairness_measure_for_FAir_Clustering_through_ROC_curves.pdf,https://doi.org/10.1007/978-3-642-04898-2_497,arXiv,https://arxiv.org/abs/2503.00854v1,PAKDD,"T Le Quy, L Le Thanh, L Luong Thi Hong… - Pacific-Asia Conference …, 2025 - Springer"
From Discrete to Continuous: Deep Fair Clustering With Transferable Representations,Xiang Zhang,0,,https://arxiv.org/abs/2403.16201,UNKNOWN,https://dblp.org/rec/journals/corr/abs-2403-16201,CoRR,"X Zhang - arXiv preprint arXiv:2403.16201, 2024 - arxiv.org"
Fair Clustering: A Causal Perspective,"Fritz M. Bayer, Drago Plecko, Niko Beerenwinkel, Jack Kuipers",0,,https://arxiv.org/abs/2312.09061,UNKNOWN,https://dblp.org/rec/conf/clear2/BayerPBK25,CLeaR,"F Bayer, D Plecko, N Beerenwinkel… - arXiv preprint arXiv …, 2023 - arxiv.org"
Fair Bayesian Model-Based Clustering,"Jihu Lee, Kunwoong Kim, Yongdai Kim",0,,https://arxiv.org/abs/2506.12839,UNKNOWN,https://dblp.org/rec/journals/corr/abs-2506-12839,CoRR,"J Lee, K Kim, Y Kim - arXiv preprint arXiv:2506.12839, 2025 - arxiv.org"
Adversarial Fair Multi-View Clustering,"M Jiang, J Zhou, L Hu, X Liu, Z He, Z Chen - arXiv preprint arXiv …, 2025 - arxiv.org",0,,https://arxiv.org/abs/2508.04071,UNKNOWN,,,"M Jiang, J Zhou, L Hu, X Liu, Z He, Z Chen - arXiv preprint arXiv …, 2025 - arxiv.org"
FairDen: Fair Density-Based Clustering,"Lena Krieger, Anna Beer, Pernille Matthews, Anneka Myrup Thiesson, Ira Assent",3,related-pdfs/FairDen_Fair_Density-Based_Clustering.pdf,https://doi.org/10.3233/jifs-202449,NONE,https://dblp.org/rec/conf/iclr/Krieger0MTA25,ICLR,"L Krieger, A Beer, P Matthews… - The Thirteenth …, 2025 - openreview.net"
Deep Fair Clustering With Multi-Objective Handling,A Saha - 2025 - elib.uni-stuttgart.de,0,,https://elib.uni-stuttgart.de/bitstreams/bdc34463-f657-4e6f-8d06-074204782e86/download,UNKNOWN,,,A Saha - 2025 - elib.uni-stuttgart.de
Deep Fair Multi-View Clustering with Attention KAN,"Haiming Xu, Qianqian Wang, Boyue Wang, Quanxue Gao",0,,http://openaccess.thecvf.com/content/CVPR2025/html/Xu_Deep_Fair_Multi-View_Clustering_with_Attention_KAN_CVPR_2025_paper.html,UNKNOWN,https://dblp.org/rec/conf/cvpr/Xu0WG25,CVPR,"HM Xu, Q Wang, B Wang… - Proceedings of the …, 2025 - openaccess.thecvf.com"
Deep fair clustering with multi-level decorrelation,"Xiang Wang, Liping Jing, Huafeng Liu, Jian Yu, Weifeng Geng, Gencheng Ye",0,,https://www.sciencedirect.com/science/article/pii/S0020025524011666,UNKNOWN,https://dblp.org/rec/journals/isci/WangJLYGY24,Inf. Sci.,"X Wang, L Jing, H Liu, J Yu, W Geng, G Ye - Information Sciences, 2024 - Elsevier"
Fair k-Center Clustering,"Suman K. Bera, Syamantak Das, Sainyam Galhotra, Sagar Sudhir Kale",0,,https://ieeexplore.ieee.org/abstract/document/10439130/,UNKNOWN,https://dblp.org/rec/conf/www/BeraDGK22,WWW,"Z Lin, S Zhu - 2023 2nd International Conference on Cloud …, 2023 - ieeexplore.ieee.org"
Fair One-Step Spectral Rotation Clustering via Adaptive Graph Learning,"L Agrawal, VV Saradhi, T Sharma - Pacific-Asia Conference on …, 2025 - Springer",0,,https://link.springer.com/chapter/10.1007/978-981-96-8173-0_1,UNKNOWN,,,"L Agrawal, VV Saradhi, T Sharma - Pacific-Asia Conference on …, 2025 - Springer"
Capacitated Fair-Range Clustering: Hardness and Approximation Algorithms,"Ameet Gadekar, Suhas Thejaswi",0,,https://arxiv.org/abs/2505.15905,UNKNOWN,https://dblp.org/rec/journals/corr/abs-2505-15905,CoRR,"A Gadekar, S Thejaswi - arXiv preprint arXiv:2505.15905, 2025 - arxiv.org"
Relative Error Fair Clustering in the Weak-Strong Oracle Model,"Vladimir Braverman, Prathamesh Dharangutte, Shaofeng H.-C. Jiang, Hoai-An Nguyen, Chen Wang, Yubo Zhang, Samson Zhou",0,,https://arxiv.org/abs/2506.12287,UNKNOWN,https://dblp.org/rec/journals/corr/abs-2506-12287,CoRR,"V Braverman, P Dharangutte, SHC Jiang… - arXiv preprint arXiv …, 2025 - arxiv.org"
A Computational Approach to Improving Fairness in K-means Clustering,"Guancheng Zhou, Haiping Xu, Hongkang Xu, Chenyu Li, Donghui Yan",0,related-pdfs/A_Computational_Approach_to_Improving_Fairness_in_K-means_Clustering.pdf,https://doi.org/10.1109/iske54062.2021.9755376,arXiv,https://arxiv.org/abs/2505.22984v2,CoRR,"G Zhou, H Xu, H Xu, C Li, D Yan - arXiv preprint arXiv:2505.22984, 2025 - arxiv.org"
Cluster-level Group Representativity Fairness in -means Clustering,"Stanley Simoes, Deepak P, Muiris MacCarthaigh",0,related-pdfs/Cluster-level_Group_Representativity_Fairness_in_-means_Clustering.pdf,https://doi.org/10.1145/3394231.3397910,NONE,https://dblp.org/rec/journals/corr/abs-2212-14467,CoRR,"S Simoes, M MacCarthaigh - arXiv preprint arXiv:2212.14467, 2022 - arxiv.org"
Studio e Confronto di Tre Algoritmi di Spectral Clustering con Vincolo di Group Fairness,G Lombardi - amslaurea.unibo.it,0,,https://amslaurea.unibo.it/id/eprint/29501/,UNKNOWN,,,G Lombardi - amslaurea.unibo.it
Individual Fairness for Fuzzy C-Means Clustering,"Zhijing Yang, Boyang Yan, Junjie Zheng, Yiding Tang, Chuan Qian, Hui Zhang",0,,https://doi.org/10.1109/icassp49660.2025.10888003,NONE,https://dblp.org/rec/conf/icassp/YangYZTQZ25,ICASSP,"Z Yang, B Yan, J Zheng, Y Tang… - ICASSP 2025-2025 …, 2025 - ieeexplore.ieee.org"
"Study on Locality, Fairness, and Optimal Resource Allocation in Cluster Scheduling","CR Vanguru - … and Parallel/Distributed Computing: Volume, 2024 - Springer",0,,https://link.springer.com/chapter/10.1007/978-3-031-56388-1_2,UNKNOWN,,,"CR Vanguru - … and Parallel/Distributed Computing: Volume 17, 2024 - Springer"
Efficient k-means with Individual Fairness via Exponential Tilting,"Shengkun Zhu, Jinshan Zeng, Yuan Sun, Sheng Wang, Xiaodong Li, Zhiyong Peng",0,related-pdfs/Efficient_k-means_with_Individual_Fairness_via_Exponential_Tilting.pdf,http://arxiv.org/abs/2406.16557v1,arXiv,https://arxiv.org/abs/2406.16557v1,CoRR,"S Zhu, J Zeng, Y Sun, S Wang, X Li, Z Peng - arXiv preprint arXiv …, 2024 - arxiv.org"
Ensuring Fairness in Spectral Clustering via Disparate Impact-Based Graph Construction,"Adithya K. Moorthy, V. Vijaya Saradhi, Bhanu Prasad",0,,https://doi.org/10.1109/tai.2025.3545800,NONE,https://dblp.org/rec/journals/tai/MoorthySP25,IEEE Trans. Artif. Intell.,"AK Moorthy, VV Saradhi… - IEEE Transactions on …, 2025 - ieeexplore.ieee.org"
Comparison of Fairness Conditions Comparison Study with Fuzzy C-Means and K-Means Methods,"I Lestari, A Mahfud, E Zamroni… - QALAMUNA …, 2024 - ejournal.insuriponorogo.ac.id",0,,https://ejournal.insuriponorogo.ac.id/index.php/qalamuna/article/view/4992,UNKNOWN,,,"I Lestari, A Mahfud, E Zamroni… - QALAMUNA …, 2024 - ejournal.insuriponorogo.ac.id"
Fairness-enhancing mixed effects deep learning improves fairness on in-and out-of-distribution clustered (non-iid) data,"Adam Wang, Son Nguyen, Albert Montillo",0,related-pdfs/Fairness-enhancing_mixed_effects_deep_learning_improves_fairness_on_in-and_out-of-distribution_clustered_non-iid_data.pdf,https://doi.org/10.1109/ijcnn54540.2023.10191762,NONE,https://dblp.org/rec/journals/corr/abs-2310-03146,CoRR,"S Nguyen, A Wang, A Montillo - arXiv preprint arXiv:2310.03146, 2023 - arxiv.org"
Accelerating Spectral Clustering under Fairness Constraints,"Francesco Tonin, Alex Lambert, Johan A. K. Suykens, Volkan Cevher",1,,https://arxiv.org/abs/2506.08143,UNKNOWN,https://dblp.org/rec/journals/corr/abs-2506-08143,CoRR,"F Tonin, A Lambert, JAK Suykens, V Cevher - arXiv preprint arXiv …, 2025 - arxiv.org"
Fairness in constrained spectral clustering,"Laxita Agrawal, V. Vijaya Saradhi, Teena Sharma",0,,https://doi.org/10.1016/j.neucom.2025.129815,NONE,https://dblp.org/rec/journals/ijon/AgrawalSS25,Neurocomputing,"L Agrawal, VV Saradhi, T Sharma - Neurocomputing, 2025 - Elsevier"
"Spectral Clustering: Preliminaries, Algorithms, and Fairness",J Shen - 2022 - math.ucdavis.edu,0,,https://www.math.ucdavis.edu/~webfiles/undergrad_thesis/202203_Junhui_Shen_Bai.pdf,UNKNOWN,,,J Shen - 2022 - math.ucdavis.edu